{
  "credit": "Made with Blockbench",
  "parent": "builtin/entity",
  "texture_size": [
    128,
    128
  ],
  "display": {
    "thirdperson_righthand": {
      "translation": [
        0,
        -3.75,
        1.75
      ],
      "scale": [
        0.3515625,
        0.453125,
        0.333984375
      ]
    },
    "thirdperson_lefthand": {
      "translation": [
        0,
        -3.75,
        1.75
      ],
      "scale": [
        0.3515625,
        0.453125,
        0.333984375
      ]
    },
    "firstperson_righthand": {
      "translation": [
        0.5,
        -10,
        6.5
      ],
      "scale": [
        0.3515625,
        0.453125,
        0.333984375
      ]
    },
    "firstperson_lefthand": {
      "translation": [
        0.5,
        -10,
        6.5
      ],
      "scale": [
        0.3515625,
        0.453125,
        0.333984375
      ]
    },
    "ground": {
      "translation": [
        0,
        -3.75,
        1.75
      ],
      "scale": [
        0.3515625,
        0.453125,
        0.333984375
      ]
    },
    "gui": {
      "rotation": [
        -180,
        83,
        -180
      ],
      "translation": [
        0,
        -9.25,
        1.75
      ],
      "scale": [
        0.3515625,
        0.2578125,
        0.1953125
      ]
    },
    "head": {
      "translation": [
        0.5,
        -10,
        6.5
      ],
      "scale": [
        0.3515625,
        0.453125,
        0.333984375
      ]
    },
    "fixed": {
      "rotation": [
        0,
        89.5,
        0
      ],
      "translation": [
        0,
        -9.75,
        0.5
      ],
      "scale": [
        0.3515625,
        0.30078125,
        0.333984375
      ]
    }
  }
}